-- --------------------------------------------------------
-- Хост:                         127.0.0.1
-- Версия сервера:               5.5.23 - MySQL Community Server (GPL)
-- Операционная система:         Win32
-- HeidiSQL Версия:              10.1.0.5464
-- --------------------------------------------------------

/*!40101 SET @OLD_CHARACTER_SET_CLIENT=@@CHARACTER_SET_CLIENT */;
/*!40101 SET NAMES utf8 */;
/*!50503 SET NAMES utf8mb4 */;
/*!40014 SET @OLD_FOREIGN_KEY_CHECKS=@@FOREIGN_KEY_CHECKS, FOREIGN_KEY_CHECKS=0 */;
/*!40101 SET @OLD_SQL_MODE=@@SQL_MODE, SQL_MODE='NO_AUTO_VALUE_ON_ZERO' */;


-- Дамп структуры базы данных db_news
CREATE DATABASE IF NOT EXISTS `db_news` /*!40100 DEFAULT CHARACTER SET utf8 */;
USE `db_news`;

-- Дамп структуры для таблица db_news.heading
CREATE TABLE IF NOT EXISTS `heading` (
  `id` int(11) NOT NULL AUTO_INCREMENT,
  `heading` text CHARACTER SET utf8,
  PRIMARY KEY (`id`)
) ENGINE=InnoDB AUTO_INCREMENT=6 DEFAULT CHARSET=latin1;

-- Дамп данных таблицы db_news.heading: ~5 rows (приблизительно)
/*!40000 ALTER TABLE `heading` DISABLE KEYS */;
INSERT INTO `heading` (`id`, `heading`) VALUES
	(1, 'Политика'),
	(2, 'Экономика'),
	(3, 'Спорт'),
	(4, 'Криминал'),
	(5, 'Бизнес');
/*!40000 ALTER TABLE `heading` ENABLE KEYS */;

-- Дамп структуры для таблица db_news.likes
CREATE TABLE IF NOT EXISTS `likes` (
  `id` int(11) NOT NULL AUTO_INCREMENT,
  `news_id` int(11) NOT NULL DEFAULT '0',
  `session` varchar(50) NOT NULL DEFAULT '0',
  PRIMARY KEY (`id`),
  KEY `FK__news` (`news_id`),
  CONSTRAINT `FK__news` FOREIGN KEY (`news_id`) REFERENCES `news` (`id`) ON DELETE CASCADE
) ENGINE=InnoDB AUTO_INCREMENT=89 DEFAULT CHARSET=latin1;

-- Дамп данных таблицы db_news.likes: ~18 rows (приблизительно)
/*!40000 ALTER TABLE `likes` DISABLE KEYS */;
INSERT INTO `likes` (`id`, `news_id`, `session`) VALUES
	(1, 32, '46445645'),
	(2, 33, '456456456'),
	(12, 34, 'cfi81516enhvaqsj3rdk6osnrk'),
	(45, 33, 'cfi81516enhvaqsj3rdk6osn23'),
	(46, 33, 'cfi81517enhvaqsj3rdk6osnrk'),
	(47, 33, 'cfi81518enhvaqsj3rdk6osn23'),
	(57, 32, 'cfi81516enhvaqsj3rdk6osnrk'),
	(58, 33, 'cfi81516enhvaqsj3rdk6osnrk'),
	(59, 37, 'cfi81516enhvaqsj3rdk6osnrk'),
	(60, 39, 'cfi81516enhvaqsj3rdk6osnrk'),
	(65, 46, 'cfi81516enhvaqsj3rdk6osnrk'),
	(69, 38, 'cfi81516enhvaqsj3rdk6osnrk'),
	(70, 46, 'so85ifnvkd405cjgg197smqn3t'),
	(71, 37, 'so85ifnvkd405cjgg197smqn3t'),
	(72, 35, 'so85ifnvkd405cjgg197smqn3t'),
	(73, 34, 'so85ifnvkd405cjgg197smqn3t'),
	(80, 48, 'cfi81516enhvaqsj3rdk6osnrk'),
	(81, 50, 'cfi81516enhvaqsj3rdk6osnrk'),
	(85, 58, '6e9djrfj6dmipfsk3194i8r6dn'),
	(86, 50, '6e9djrfj6dmipfsk3194i8r6dn'),
	(87, 35, '6e9djrfj6dmipfsk3194i8r6dn'),
	(88, 58, 'cfi81516enhvaqsj3rdk6osnrk');
/*!40000 ALTER TABLE `likes` ENABLE KEYS */;

-- Дамп структуры для таблица db_news.news
CREATE TABLE IF NOT EXISTS `news` (
  `id` int(11) NOT NULL AUTO_INCREMENT,
  `title` text CHARACTER SET utf8 COLLATE utf8_unicode_ci,
  `description` text CHARACTER SET utf8 COLLATE utf8_unicode_ci,
  `text` longtext CHARACTER SET utf8 COLLATE utf8_unicode_ci,
  `url_pic` text CHARACTER SET utf8 COLLATE utf8_unicode_ci,
  `date` datetime DEFAULT NULL,
  `heading` int(11) DEFAULT NULL,
  PRIMARY KEY (`id`),
  KEY `FK_news_heading` (`heading`),
  CONSTRAINT `FK_news_heading` FOREIGN KEY (`heading`) REFERENCES `heading` (`id`) ON UPDATE CASCADE
) ENGINE=InnoDB AUTO_INCREMENT=59 DEFAULT CHARSET=utf8;

-- Дамп данных таблицы db_news.news: ~9 rows (приблизительно)
/*!40000 ALTER TABLE `news` DISABLE KEYS */;
INSERT INTO `news` (`id`, `title`, `description`, `text`, `url_pic`, `date`, `heading`) VALUES
	(32, 'На Сахалине готовятся отправить в карантинный лагерь пассажиров рейса из Сеула', 'Министр здравоохранения Владимир Ющук не рассказал ничего нового о ситуации с коронавирусом на Сахалине... ', ' Анонсированное вчера выступление министра здравоохранения Сахалинской области Владимира Ющука наконец-то состоялось. Он должен был пролить свет на ситуацию с коронавирусом в островном регионе (сейчас зарегистрировано четыре случая инфекции), но ничего нового он нам не сказал.\r\n\r\n— Уважаемые жители Сахалинской области, сегодня медицина региона переведена на особый режим работы. Мобилизованы медицинские бригады, которые работали сегодня ночью и продолжают работать сейчас, на ранее выявление и нераспространение случаев коронавирусной инфекции. Лабораторная служба диагностики уже переведена в круглосуточный режим. Считаем, что мероприятия по контролю прибывающих рейсов на территории Сахалинской области, будь то авиасообщением, будь то морским путем, эффективно позволят нам предотвратить пути распространения инфекции. Убежден, что самодисциплина и изоляция на дому эффективно помогут побороть распространение коронавирусной инфекции на территории Сахалинской области, — отметил Владимир Ющук в видео, размещенном в телеграм-канале губернатора. \r\n Также в телеграм-канале отмечается, что круглосуточно специалисты анализируют тысячи данных и составляют маршрутные карты для выявления возможных источников инфекции. По сообщению губернаторского аккаунта, все случаи проявления коронавируса на Сахалине — завозные из других государств. При этом ранее Роспотребнадзор рассказал Sakh.com, что зараженные попали на остров они московским рейсом.\r\n\r\n— Поэтому сохраняется контроль за пассажирами, прибывающими чартерными рейсами и лицами, уже находящимися на карантине, но еще не прошедшими заключительную диагностику. Сегодня на Сахалин прибудет еще один рейс — из Сеула. Для всех пассажиров уже приготовлены места в обсерваторе. Изоляция — основное требование, которое поможет нам всем легче выдержать испытания, — уже текстом добавил министр здравоохранения Владимир Ющук.\r\n\r\nРейс из Сеула прибывает в 18:20. Добавим, что когда сахалинцы прилетают из других стран транзитом через Москву или города Дальнего Востока, в карантинный лагерь их не помещают. Они сидят дома на самоизоляции. ', '942f1d2c9707fe980e11603c5951e4ad.jpg', '2020-03-29 16:39:00', 1),
	(33, 'ГИБДД Южно-Сахалинска ограничивает личный прием граждан', 'В рамках реализации плана неотложных мероприятий, реализуемых МВД России по предупреждению распространения короновирусной инфекции COVID-19', ' В рамках реализации плана неотложных мероприятий, реализуемых МВД России по предупреждению распространения короновирусной инфекции COVID-19, в целях исключения возможности формирования очередей и скопления граждан в местах ожидания в период пандемии, в ОГИБДД УМВД России по городу Южно-Сахалинску временно ограничивается личный прием граждан.\r\n\r\nПрием граждан временно будет осуществляться по предварительной записи. Гражданам при себе обязательно иметь средства индивидуальной защиты.\r\n\r\nТелефоны для предварительной записи:\r\nОтделение по учету и оформлению ДТП:\r\n\r\n    оформление ДТП с гражданами, получившими телесные повреждения — 789-844;\r\n    оформление ДТП с механическими повреждениями ТС — 789-842.\r\n\r\nГруппа по розыску:\r\n\r\n    выдача ТС с арест-площадки, оформление ДТП со скрывшимися лицами — 789-855, 789-848.\r\n\r\nОтделение исполнения административного законодательства:\r\n\r\n    по вопросам сдачи, получения водительского удостоверения после лишения права управления, штрафам — 789-137;\r\n    консультации физических лиц — 789-859; 789-715;\r\n    консультации юридических лиц — 789-862.\r\n\r\nГруппа технического надзора:\r\n\r\n    выдача разрешений на внесение изменений в конструкцию ТС, выдача ДОПОГ — 789-130.\r\n\r\nОтделение дорожного надзора:\r\n\r\n    согласование дорожных работ — 789-861; 789-858.\r\n\r\nДелопроизводство:\r\n\r\n    приём корреспонденции — 780-021.\r\n\r\nЗаместитель начальника Каширин Александр Владимирович — 789-110.\r\n\r\nВрио начальника Лебедев Валентин Валентинович — 789-111. ', NULL, '2020-03-29 16:11:00', 3),
	(34, 'Администрация Анивы готовится к работе в карантинных условиях', 'Сегодня мэр Анивского городского округа Артем Лазарев провел совещание, на котором поставил задачи районной администрации и всем её подведомственным учреждениям по снижению риска распространения в муниципалитете короновирусной инфекции. ', ' Сегодня мэр Анивского городского округа Артем Лазарев провел совещание, на котором поставил задачи районной администрации и всем её подведомственным учреждениям по снижению риска распространения в муниципалитете короновирусной инфекции.\r\n\r\nУже с понедельника экономический блок предложит местным предпринимателям пакет мер по минимизации ущерба и компенсации недополученных доходов бизнеса, связанных с карантином. Также всеми подведомственными организациями будет создан перечень необходимых мероприятий по работе в новых условиях с четкими сроками их реализации.\r\n\r\nАнивскому АТП на период карантина рекомендовано сократить количество автобусных рейсов, а также приступить к санитарной обработке транспорта. \r\n Работодателям рекомендовано освободить от работы всех людей старше 65 лет с сохранением заработной платы. Будет составлен сводный перечень как бюджетных, так и всех остальных предприятий, учитывающий их готовность к приостановлению работы.\r\n\r\nС понедельника прекращается посещение гражданами администрации и всех подведомственных учреждений. По всем вопросам людям рекомендовано обращаться по электронной почте администрации aniva@adm.sakhalin.ru и телефонам, список которых можно найти на официальном сайте Анивского городского округа.\r\n\r\nНе прекращают свою работу и официальные аккаунты в социальных сетях. Информация от населения также принимается анивской единой диспетчерской службой по телефону 112 (все разговоры записываются, все заявки регистрируются).\r\n\r\nПрисутствовавший на совещании руководитель отдела Роспотребнадзора в районе Виталий Алексеев посоветовал всем анивчанам, прилетевшим на Сахалин после посещения других стран и по каким-либо причинам не получившим направление на карантин, сообщать ему об этом лично по мобильному телефону 8(914)755-64-72. Вопрос будет решен в течение часа.\r\n\r\nТакже в муниципалитете разворачивается широкое волонтерское движение для оказания помощи находящимся в вынужденной самоизоляции людям, не имеющим поддержки друзей и близких.\r\n\r\nВ администрации рекомендовано сократить количество людей, работающих на своих рабочих местах, по возможности, переведя их на удалёнку. Также на карантин отправятся все сотрудники, имеющие детей до трех лет.\r\n\r\nС понедельника для всех сотрудников вводится масочный режим и обязанность регулярной санобработки рабочих мест и рук дезинфицирующими средствами.\r\n\r\nВыданы и рекомендации от районной ЦРБ. Анивчанам при появлении подозрительных симптомов заболевания рекомендовано не обращаться лично в медицинское учреждение, а вызывать участкового врача или фельдшера на дом. Сделать это можно через диспетчера Анивской ЦРБ (8(42441) 4-13-24 — для взрослых, 8(42441) 4-24-44 — для детей). Жителям Успенского, Троицкого, Ново-Троицкого и Мицулевки следует звонить в Троицкую амбулаторию по телефону 8(42441) 9-49-32. Скорую помощь можно вызвать по телефону 8(42441) 4-10-87, сообщает ИА Sakh.com со ссылкой на администрацию района. ', '63ee9e041b3b96f4b756216aa1c739b4.jpg', '2020-03-29 16:06:00', 3),
	(35, 'Южносахалинцы навестили бывших узников фашистских концлагерей', '11 апреля во всем мире отмечается памятная дата — Международный день освобождения узников фашистских концлагерей.', ' 11 апреля во всем мире отмечается памятная дата — Международный день освобождения узников фашистских концлагерей. Она установлена в память об интернациональном восстании узников концлагеря Бухенвальд, прошедшем 11 апреля 1945 года.\r\n\r\n— Фашистские лагеря стали бездушной машиной по уничтожению права быть человеком, местом изнурительного труда, медицинских экспериментов, издевательств и убийств. Сюда попадали не только военнопленные. Старики, женщины, дети. Те, кто в мирное время нуждаются в повышенной заботе и внимании, стали рабской массой, узаконенной Третьим рейхом. Лагеря уничтожали целые народы. Система концлагерей в ходе нюрнбергского процесса была признана преступлением против человечности. У нас в Южно-Сахалинске проживает 36 бывших узников концлагерей. Это люди железной воли, сумевшие выжить в аду. И наша задача — держать с ними постоянную связь, помогать решать какие-то бытовые вопросы, оказывать им необходимую поддержку. Мы стараемся окружить их вниманием. Вместе с ними мы все вспоминаем погибших и призываем сохранять историческую память о событиях минувших лет. Хочу пожелать бывшим узникам здоровья, душевных сил! Всем нам мирного неба над головой, — в своем обращение по случаю международной даты отметил мэр Южно-Сахалинска Сергей Надсадин. \r\n Традиционно в эти дни проходят торжественные мероприятия по случаю значимой даты, однако ситуация с пандемией скорректировала планы. Было решено поздравить каждого южносахалинца, прошедшего концентрационные лагеря, на дому. Волонтеры молодежных организаций и представители муниципалитета сегодня вручили подарки.\r\n\r\nМинуты воспоминаний бывшей узницы концлагеря Равенсбрюк Екатерины Михайловны Патраковой о войне — большая редкость. Очаровательная, приветливая и неунывающая женщина для гостей на этот раз сделала исключение.\r\n\r\n— Тяжело даже мысленно каждый раз возвращаться в те дни. Не знаю, как выжили. До лагеря было восемь месяцев в блокадном Ленинграде. Тогда мне было семь лет. Помню жуткий холод и голод. Детьми нас пытались вывезти из осажденного города. Колонна попала под бомбежку. Мы пытались спастись с уцелевшими взрослыми. Безуспешно. Вместе с еще тремя девочками Клавой, Сашей и Зиной мы оказались в лагерном бараке. Три года кромешного ужаса, постоянного страха. Мы были подопытным расходным материалом. Нам можно сказать повезло, у нас только брали кровь. Сильнее всех досталось Зине, над ней фашисты ставили эксперименты, до конца жизни она осталась инвалидом. Уже в мирное время перенесла 8 операций, но восстановить здоровье ног так и не смогла, — нехотя вспоминает Екатерина Михайловна. — Вокруг столько смертей, страха до оцепенения за свою жизнь, фашисты запрещали даже общаться на родном языке, каждый день брали кровь. Мы падали от слабости. Спасло то, что мы с девчонками держались вместе. Они были старше меня. Им было одиннадцать. Мы и потом сохранили дружбу. Теперь из всей нашей компании в живых только я одна.\r\n\r\nПосле освобождения из концлагеря был детский дом. Потом учеба в медицинском вузе на педиатра. В 1974 году с мужем военнослужащим Екатерина Михайловна приехала на Сахалин. Здесь выросли ее дети. На острове она без памяти влюбилась в природу. Долгие пешие прогулки в одиночестве дают ей силы.\r\n\r\n— Уже возраст не тот, но я не могу без выходов в лес. Смотрю и вдохновляюсь. Зимой в лесу одна прелесть, летом своя красота. Ни на что это не променяю. Сейчас из-за пандемии ограничиваю себя и очень по этому поводу переживаю, но надеюсь, что скоро вернусь в свою стихию, — рассказала хозяйка дома.\r\n\r\nВ углу скромно стопочкой лежат благодарности за активную общественную работу. Одно, пожалуй, самое трогательное из всех согласилась показать — написанное от руки письмо со словами восхищения от студентов ЮСПК. "Такие люди, как вы, дают веру в чудо, горжусь встречей с вами и все наши студенты тоже", — так заканчивается письмо, которое по почте получила Екатерина Михайловна. Сегодняшние ее будни — забота о своих подопечных из городского совета ветеранов. Она помогает всегда и во всем, ее любят, ценят и искренне благодарят за то, что она находит силы и время на общественную работу, сообщает пресс-служба мэрии.\r\n\r\n— Сегодня постарались поднять им настроение. Надо сказать, что каждый из наших опекаемых вызывает особое восхищение, учимся у них жизнелюбию и оптимизму, — отметила директор департамента социальной политики Эльвира Юркова. — Это очень скромные герои. И мы стараемся максимально сделать все от нас зависящее, чтобы хоть как-то сделать их настоящее лучше. Это и помощь в ремонте квартир, решение бытовых вопросов, дополнительные выплаты из местного бюджета, которые суммируются к региональным и федеральным. Сегодня готовимся к самому главному празднику страны — юбилею Великой Победы. Важно, чтобы нашим героям было комфортно. ', NULL, '2020-04-11 18:36:00', 2),
	(37, 'В Южно-Сахалинске в воскресенье ограничат холодное водоснабжение', '12 апреля с 10.00 до 14.00 в Южно-Сахалинске будет отключено холодное водоснабжение', ' 12 апреля с 10.00 до 14.00 в Южно-Сахалинске будет отключено холодное водоснабжение домов по следующим адресам: улица Физкультурная, 38, 40, 42, проспект Мира, 109, улица Саперная, 10 и гостиница "Белка", сообщает городской водоканал. Это вынужденная мера для проведения диагностики аварийной ситуации на сетях.\r\n\r\nТелефоны диспетчерской службы МКП "Городской водоканал": 72-32-40, 497-925. ', NULL, '2020-04-11 18:40:00', 3),
	(38, 'В Корсакове чествуют бывших узников концлагерей', 'Ежегодно 11 апреля отмечается Международный день освобождения узников фашистских концлагерей.', ' Ежегодно 11 апреля отмечается Международный день освобождения узников фашистских концлагерей. В рамках этой памятной даты Григорий Голодников, вице-мэр Корсаковского городского округа, директор департамента социального развития, навестил людей, на долю которых выпали совершенно недетские испытания.\r\n\r\nВ настоящее время на территории Корсакова проживают четыре человека, которые в несовершеннолетнем возрасте были узниками концлагерей. Это Зинаида Федоровна Гашкина, Тамара Федоровна Закирова, Юлия Николаевна Трубникова, Людмила Викторовна Цепковская — женщины, которые для современного человека, не знавшего войны, являются символом стойкости и веры в лучшее. Они смогли выжить и теперь передают свою историю из поколения в поколение. ', 'e25f66740101acf9972ba5b925ecb67c.jpg', '2020-04-11 17:42:00', 1),
	(39, 'Мэр Анивы навестил бывших узников концлагерей', '11 апреля во всем мире отмечается Международный день освобождения узников фашистских концлагерей.', ' 11 апреля во всем мире отмечается Международный день освобождения узников фашистских концлагерей. Накануне этой даты в Анивском районе организовали чествование на дому людей, прошедших через ад фашистской неволи. Это люди уже довольно преклонного возраста, так что важно было соблюсти все санитарно-эпидемиологические меры. И пусть общение вышло не таким долгим, как бы этого хотелось, но три бабушки были очень рады вниманию, подаркам и цветам.\r\n\r\nАнивчанка Анна Иванова живет одна. Родственников на Сахалине у нее нет. Поэтому мэр Артем Лазарев с утра отправился именно к ней. Вручил цветы, три пакета с набором разнообразных продуктов, чтобы у ветерана не было проблем с приготовлением еды в условиях самоизоляции. Но, пожалуй, главным подарком оказался отремонтированный слуховой аппарат. Накануне Анна Яковлевна пожаловалась на проблемы с ним. Из-за этого в последнее время перестала отвечать на телефонные звонки.\r\n\r\n— Спасибо, что помогаете, не забываете. Это очень приятно. Вот теперь хорошо слышу, это для меня самое важное. Ну и за продукты спасибо. Приходите, угощу вкусным обедом, — приглашает радушная хозяйка.\r\n\r\nНесмотря на непродолжительность визита, Анна Яковлевна успевать повспоминать о тяжелых эпизодах времен войны. Как с сестрой-близняшкой чуть не умерли в фашистской тюрьме в родном белорусском городе, занятом фашистами. Как те, решив, что девочки уже не жильцы, просто выбросили их оттуда в придорожный овраг. Как малолетки пытались выжить, оставшись без родителей и готовя похлебку из лебеды, щавеля и крапивы. \r\n Двое других несовершеннолетних узников фашизма живут в Троицком. Одна из них — Любовь Яковлева — прошла через кошмар Бухенвальда. Помнит очень многое в мельчайших деталях. Несмотря на свой пожилой возраст, Любовь Семеновна частый гость в школах и воинских частях. Живой рассказ свидетеля фашистских преступлений — лучшая профилактика попыток переписывания истории. В этом году режим самоизоляции не позволяет ветеранам поучаствовать в уроках мужества в памятную для них дату. Но в Год памяти и славы такая возможность предоставится им еще не раз.\r\n\r\nИмя Марии Савчук известно многим в Троицком. В советские времена за ударный труд в совхозе "Южно-Сахалинский" она была удостоена звания Героя Социалистического Труда. Но в детстве ей также пришлось испытать ужасы фашистского плена. Вместе с тысячами других советских людей она была угнана в Германию, где находилась в настоящем рабстве. \r\n Известно, что через фашистские концлагеря прошло около 20 миллионов человек из 30 стран мира, из них около 12 миллионов погибли, при этом каждый пятый узник был ребенком. Для нашей страны 11 апреля — это особая дата, так как около 5 миллионов погибших являлись гражданами СССР.\r\n\r\nС каждым годом живых свидетелей преступлений фашизма становится все меньше. На территории Сахалинской области осталось всего 76 представителей этой категории граждан, сообщает ИА Sakh.com со ссылкой на анивскую администрацию. ', '1895dacfce5ce8885f1f86c318d3e245.jpg', '2020-04-11 12:36:00', 1),
	(46, 'Первый субботник прошел в Анивском районе', 'Апрель — традиционное время массовых субботников.', 'Апрель — традиционное время массовых субботников. В этом году жизнь внесла коррективы, однако анивский мэр Артем Лазарев решил, что те, кто по долгу службы работает, вполне могли бы заняться этим на свежем воздухе, соблюдая санитарно-эпидемиологические правила. </br>\r\nСегодня после обеда вся анивская администрация во главе с мэром, а также сотрудники подведомственных учреждений дружно вышли на первый в этом году субботник. Ворошили снег, собирали мусор, прелую траву и упавшие ветки деревьев. Потрудились на славу. \r\n</br>\r\nК вечеру в местах уборки стало заметно чище. Жаль, что столь полезную инициативу мэра поддержали далеко не все. Собрание депутатов, например, было представлено на субботнике лишь одним сотрудником аппарата. Те, кто не смог сегодня поучаствовать в уборке территории планируют сделать это в конце апреля. ', '07f3b35dd6e6c38086a9eb2f9161720e.jpg', '2020-04-17 21:16:00', 4),
	(48, 'Парикмахерские и салоны красоты в сахалинских ТЦ оказались "вне закона"', 'В Сахалинской области с сегодняшнего дня начали работу парикмахерские и салоны красоты.', 'В Сахалинской области с сегодняшнего дня начали работу парикмахерские и салоны красоты. Как сообщила пресс-служба мэрии Южно-Сахалинска, в областном центре свои двери открыли 77 предприятий. В Роспотребнадзоре добавили, что по каждому из них решение принимают индивидуально, и некоторым работать не разрешили. Например, закрытыми останутся парикмахерские и салоны красоты, расположенные в торговых центрах. </br>\r\n — С каждым человеком отрабатываем отдельно. Почему мы запрещаем работать в торговых центрах? Отдельного входа нет. Тогда смысла не было бы вообще закрывать торговые центры. Там же аптеки работают, продуктовые магазины работают. Вот возьмите "Сити Молл", там поди еще и не одна аптека (одна — прим. ред.). Косметологи сидят в коридоре, а как они собираются выполнять все, что мы им предписываем? С каждым, в том числе и с теми, кто находится в торговых центрах, мы работаем индивидуально с выходом на место, смотрим, есть ли там все эти условия, чтобы изоляция была и защита временем и расстоянием. Только тогда они могут получить от нас предписание на работу, — разъяснила глава Роспотребнадзора Ольга Фунтусова.</br>\r\n\r\nКроме отдельного входа парикмахерским и салонам красоты для работы требуется соблюдать и другие правила: дезинфекция, средства защиты — маски и перчатки, работа по записи, организованная таким образом, чтобы клиенты не пересекались друг с другом, при этом каждый из посетителей должен быть здоров, предполагается, что им будут измерять температуру бесконтактным способом.</br>\r\n\r\nАдреса салонов, работа которых разрешена, опубликованы на официальном сайте администрации города в разделе "Информация для населения".</br>\r\n\r\nВ целях профилактики распространения коронавирусной инфекции горожан просят ответственно отнестись к своему здоровью и здоровью окружающих, соблюдать меры предосторожности: носить маску, пользоваться антисептическими средствами для рук, не подвергать своих детей риску заражения и не приводить их с собой в салон или парикмахерскую, при появлении малейших признаков недомогания — отменить запись к мастеру. </br>', '384b9859ce377f331b70375c434e4f43.jpg', '2020-04-20 19:45:00', 5),
	(50, '12 130 рублей в месяц будут получать безработные сахалинцы', 'Сахалинцам и курильчанам, которые были уволены после 1 марта 2020 года и признаны безработными, в апреле, мае и июне будут выплачивать пособие из расчета 12 130 рублей в месяц', ' Сахалинцам и курильчанам, которые были уволены после 1 марта 2020 года и признаны безработными, в апреле, мае и июне будут выплачивать пособие из расчета 12 130 рублей в месяц. Соответствующую меру поддержки людей в связи в пандемией коронавируса во всех регионах страны предусмотрело федеральное Правительство.</br>\r\n\r\nЖителям области, состоящим на учете в качестве безработных, сумму пересчитают автоматически с 1 апреля.</br>\r\n\r\nКроме того, для таких островитян вводятся дополнительные выплаты — по 3 тысячи рублей в месяц на каждого ребенка до 18 лет. Если на учете по безработице стоят оба родителя, деньги получит один из них.</br>\r\n\r\nДля оформления дополнительных выплат на детей сахалинцам и курильчанам необходимо связаться со специалистами центров занятости населения по месту жительства, сообщает ИА Sakh.com со ссылкой на пресс-службу ПСО. ', NULL, '2020-04-21 17:05:00', 2),
	(58, 'Сахалинские спортсмены и их родители стали волонтерами во время пандемии', 'Сахалинские спортшколы и федерации помогают нуждающимся во время пандемии.', ' Сахалинские спортшколы и федерации помогают нуждающимся во время пандемии. К волонтёрской деятельности в период самоизоляции присоединились спортсмены и их родители, а также руководители организаций.</br>\r\n\r\nВ частности, на протяжении уже нескольких недель волонтёрской деятельностью занимается федерация конного спорта.</br>\r\n\r\n— Сейчас мы доставляем продуктовые наборы, горячие обеды и лекарства пенсионерам, а также малообеспеченным и многодетным семьям, — рассказала Татьяна Литвинова, председатель федерации. — В наш добровольческий отряд входит пять человек. Это совершеннолетние спортсмены, а также родители младших ребят.</br>\r\n\r\nЕжедневно добровольцы из федерации конного спорта получают около шестидесяти заявок. Всю работу проводят совместно с центром молодёжных инициатив и областным министерством социальной защиты.</br>\r\n\r\nОсобая задача — у тренеров и сотрудников школ восточных видов единоборств, зимних видов спорта и ОГАУ "Футбольный клуб "Сахалин". Ежедневно в аэропорту Южно-Сахалинска они помогают медикам встречать островитян, вернувшихся из других регионов и стран, размещать их в обсервациях. </br>\r\n Сегодня специалисты разных спортшкол раздают листовки, ведут разъяснительные беседы с гражданами о профилактике коронавирусной инфекции, а также проводят онлайн-занятия и мастер-классы по общей физической подготовке в период самоизоляции.</br>\r\n\r\nБольшое значение в условиях пандемии — у частных инициатив. Так, помощь нуждающимся оказывают председатель сахалинской федерации кикбоксинга Алексей Буторин и начальник штаба регионального отделения "Юнармия" Дмитрий Минязев.</br>\r\n\r\n— В основном мы занимаемся доставкой продуктов ветеранам в Южно-Сахалинске и пригороде. Недавно посетили 91-летнюю жительницу Мицулёвки, она была нам очень благодарна, — поделился Алексей Буторин.</br>\r\n\r\nКаждый будний день с 17 до 19 часов активисты работают в областной больнице. Поскольку пропуск и посещения для всех желающих закрыты, волонтёры собирают все передачи для пациентов в отдельном здании и развозят их по корпусам.</br>\r\n\r\nТакже к волонтерскому движению присоединилась сотрудник регионального центра спортивной подготовки Анна Пинчук. Ежедневно специалист привозит пенсионерам, ветеранам Великой Отечественной войны, а также людям, находящимся на самоизоляции или попавшим в трудную жизненную ситуацию, продукты питания, лекарства и готовые обеды, сообщает пресс-служба ПСО. </br>', '8d6c48d5b84ac984c99148c86358647b.jpg', '2020-04-21 19:45:00', 2);
/*!40000 ALTER TABLE `news` ENABLE KEYS */;

/*!40101 SET SQL_MODE=IFNULL(@OLD_SQL_MODE, '') */;
/*!40014 SET FOREIGN_KEY_CHECKS=IF(@OLD_FOREIGN_KEY_CHECKS IS NULL, 1, @OLD_FOREIGN_KEY_CHECKS) */;
/*!40101 SET CHARACTER_SET_CLIENT=@OLD_CHARACTER_SET_CLIENT */;
